{
  "india": {
    "latlngs": [
      [20.5937, 78.9629],
      [28.7041, 77.1025],
      [12.9716, 77.5946],
      [19.0760, 72.8777]
    ]
  },
  "usa": {
    "latlngs": [
      [37, -109.05],
      [41, -109.03],
      [41, -102.05],
      [37, -102.04]
    ]
  },
  "france": {
    "latlngs": [
      [46.603354, 1.888334],
      [48.8566, 2.3522],
      [43.7102, 7.2620],
      [45.7640, 4.8357]
    ]
  },
  "brazil": {
    "latlngs": [
      [-14.2350, -51.9253],
      [-23.5505, -46.6333],
      [-22.9068, -43.1729],
      [-15.7801, -47.9292]
    ]
  },
  "australia": {
    "latlngs": [
      [-25.2744, 133.7751],
      [-33.8688, 151.2093],
      [-37.8136, 144.9631],
      [-31.9505, 115.8605]
    ]
  },
  "canada": {
    "latlngs": [
      [56.1304, -106.3468],
      [45.4215, -75.6972],
      [49.2827, -123.1207],
      [51.0447, -114.0719]
    ]
  },
  "germany": {
    "latlngs": [
      [51.1657, 10.4515],
      [52.5200, 13.4050],
      [48.1351, 11.5820],
      [50.1109, 8.6821]
    ]
  },
  "japan": {
    "latlngs": [
      [36.2048, 138.2529],
      [35.6762, 139.6503],
      [34.6937, 135.5023],
      [43.0667, 141.3500]
    ]
  },
  "southafrica": {
    "latlngs": [
      [-30.5595, 22.9375],
      [-33.9249, 18.4241],
      [-26.2041, 28.0473],
      [-29.8587, 31.0218]
    ]
  },
  "china": {
    "latlngs": [
      [35.8617, 104.1954],
      [39.9042, 116.4074],
      [31.2304, 121.4737],
      [22.3964, 114.1095]
    ]
  },
  "russia": {
    "latlngs": [
      [61.5240, 105.3188],
      [55.7558, 37.6173],
      [59.9343, 30.3351],
      [43.7696, 11.2558]
    ]
  },
  "uk": {
    "latlngs": [
      [55.3781, -3.4360],
      [51.5074, -0.1278],
      [53.4808, -2.2426],
      [51.4545, -2.5879]
    ]
  },
  "italy": {
    "latlngs": [
      [41.8719, 12.5674],
      [45.4642, 9.1900],
      [41.9028, 12.4964],
      [40.8518, 14.2681]
    ]
  },
  "spain": {
    "latlngs": [
      [40.4637, -3.7492],
      [41.3851, 2.1734],
      [37.3886, -5.9823],
      [39.4699, -0.3763]
    ]
  },
  "mexico": {
    "latlngs": [
      [23.6345, -102.5528],
      [19.4326, -99.1332],
      [20.6767, -103.3478],
      [25.6866, -100.3161]
    ]
  },
  "argentina": {
    "latlngs": [
      [-38.4161, -63.6167],
      [-34.6037, -58.3816],
      [-31.4201, -64.1888],
      [-32.9468, -60.6393]
    ]
  }
}
